﻿{
  "rasa_nlu_data": {
    "common_examples": [
      {
        "text": "Hello",
        "intent": "greet",
        "entities": []
      },
      {
        "text": "goodbye",
        "intent": "goodbye",
        "entities": []
      },
      {
        "text": "hey",
        "intent": "greet",
        "entities": []
      },
      {
        "text": "hello",
        "intent": "greet",
        "entities": []
      },
      {
        "text": "hi",
        "intent": "greet",
        "entities": []
      },
      {
        "text": "heya",
        "intent": "greet",
        "entities": []
      },
      {
        "text": "howdy",
        "intent": "greet",
        "entities": []
      },
      {
        "text": "hey there",
        "intent": "greet",
        "entities": []
      },
      {
        "text": "bye",
        "intent": "goodbye",
        "entities": []
      },
      {
        "text": "goodbye",
        "intent": "goodbye",
        "entities": []
      },
      {
        "text": "bye bye",
        "intent": "goodbye",
        "entities": []
      },
      {
        "text": "see ya",
        "intent": "goodbye",
        "entities": []
      },
      {
        "text": "see you later",
        "intent": "goodbye",
        "entities": []
      },
      {
        "text": "Hi! How are you?",
        "intent": "greet",
        "entities": []
      },
      {
        "text": "Hello! How are you doing?",
        "intent": "greet",
        "entities": []
      }
    ]
  }
}