{
    "language": "en",
    "pipeline": [
        "rasa_nlu.utils.spacy_utils.SpacyNLP",
        "rasa_nlu.tokenizers.spacy_tokenizer.SpacyTokenizer",
        "rasa_nlu.featurizers.spacy_featurizer.SpacyFeaturizer",
        "rasa_nlu.classifiers.sklearn_intent_classifier.SklearnIntentClassifier",
        "rasa_nlu.extractors.crf_entity_extractor.CRFEntityExtractor",
        "rasa_nlu.extractors.entity_synonyms.EntitySynonymMapper"
    ],
    "training_data": "training_data.json",
    "spacy_model_name": "en",
    "intent_classifier_sklearn": "intent_classifier.pkl",
    "entity_extractor_crf": {
        "model_file": "crf_model.pkl",
        "crf_features": [
            [
                "low",
                "title",
                "upper",
                "pos",
                "pos2"
            ],
            [
                "bias",
                "low",
                "word3",
                "word2",
                "upper",
                "title",
                "digit",
                "pos",
                "pos2",
                "pattern"
            ],
            [
                "low",
                "title",
                "upper",
                "pos",
                "pos2"
            ]
        ],
        "BILOU_flag": true,
        "version": 1
    },
    "entity_synonyms": null,
    "trained_at": "20180519-180321",
    "rasa_nlu_version": "0.11.5"
}